driver_id,round,position,grid_position,points,status,laps_completed,rarity
norris,1,1.0,1.0,25.0,Finished,57.0,Legendary
max_verstappen,1,2.0,3.0,18.0,Finished,57.0,Epic
russell,1,3.0,4.0,15.0,Finished,57.0,Epic
antonelli,1,4.0,16.0,12.0,Finished,57.0,Rare
albon,1,5.0,6.0,10.0,Finished,57.0,Rare
stroll,1,6.0,13.0,8.0,Finished,57.0,Rare
hulkenberg,1,7.0,17.0,6.0,Finished,57.0,Rare
leclerc,1,8.0,7.0,4.0,Finished,57.0,Rare
piastri,1,9.0,2.0,2.0,Finished,57.0,Rare
hamilton,1,10.0,8.0,1.0,Finished,57.0,Rare
gasly,1,11.0,9.0,0.0,Finished,57.0,Common
tsunoda,1,12.0,5.0,0.0,Finished,57.0,Common
ocon,1,13.0,19.0,0.0,Finished,57.0,Common
bearman,1,14.0,20.0,0.0,Finished,57.0,Common
lawson,1,15.0,18.0,0.0,Retired,46.0,Common
bortoleto,1,16.0,15.0,0.0,Retired,45.0,Common
alonso,1,17.0,12.0,0.0,Retired,32.0,Common
sainz,1,18.0,10.0,0.0,Retired,0.0,Common
doohan,1,19.0,14.0,0.0,Retired,0.0,Common
hadjar,1,20.0,11.0,0.0,Retired,0.0,Common
piastri,2,1.0,1.0,25.0,Finished,56.0,Legendary
norris,2,2.0,3.0,18.0,Finished,56.0,Epic
russell,2,3.0,2.0,15.0,Finished,56.0,Epic
max_verstappen,2,4.0,4.0,12.0,Finished,56.0,Rare
ocon,2,5.0,11.0,10.0,Finished,56.0,Rare
antonelli,2,6.0,8.0,8.0,Finished,56.0,Rare
albon,2,7.0,10.0,6.0,Finished,56.0,Rare
bearman,2,8.0,17.0,4.0,Finished,56.0,Rare
stroll,2,9.0,14.0,2.0,Finished,56.0,Rare
sainz,2,10.0,15.0,1.0,Finished,56.0,Rare
hadjar,2,11.0,7.0,0.0,Finished,56.0,Common
lawson,2,12.0,20.0,0.0,Finished,56.0,Common
doohan,2,13.0,18.0,0.0,Finished,56.0,Common
bortoleto,2,14.0,19.0,0.0,Lapped,55.0,Common
hulkenberg,2,15.0,12.0,0.0,Lapped,55.0,Common
tsunoda,2,16.0,9.0,0.0,Lapped,55.0,Common
alonso,2,17.0,13.0,0.0,Retired,4.0,Common
leclerc,2,18.0,6.0,0.0,Disqualified,0.0,Common
hamilton,2,19.0,5.0,0.0,Disqualified,0.0,Common
gasly,2,20.0,16.0,0.0,Disqualified,0.0,Common
max_verstappen,3,1.0,1.0,25.0,Finished,53.0,Legendary
norris,3,2.0,2.0,18.0,Finished,53.0,Epic
piastri,3,3.0,3.0,15.0,Finished,53.0,Epic
leclerc,3,4.0,4.0,12.0,Finished,53.0,Rare
russell,3,5.0,5.0,10.0,Finished,53.0,Rare
antonelli,3,6.0,6.0,8.0,Finished,53.0,Rare
hamilton,3,7.0,8.0,6.0,Finished,53.0,Rare
hadjar,3,8.0,7.0,4.0,Finished,53.0,Rare
albon,3,9.0,9.0,2.0,Finished,53.0,Rare
bearman,3,10.0,10.0,1.0,Finished,53.0,Rare
alonso,3,11.0,12.0,0.0,Finished,53.0,Common
tsunoda,3,12.0,14.0,0.0,Finished,53.0,Common
gasly,3,13.0,11.0,0.0,Finished,53.0,Common
sainz,3,14.0,15.0,0.0,Finished,53.0,Common
doohan,3,15.0,19.0,0.0,Finished,53.0,Common
hulkenberg,3,16.0,16.0,0.0,Finished,53.0,Common
lawson,3,17.0,13.0,0.0,Finished,53.0,Common
ocon,3,18.0,18.0,0.0,Finished,53.0,Common
bortoleto,3,19.0,17.0,0.0,Finished,53.0,Common
stroll,3,20.0,20.0,0.0,Lapped,52.0,Common
piastri,4,1.0,1.0,25.0,Finished,57.0,Legendary
russell,4,2.0,3.0,18.0,Finished,57.0,Epic
norris,4,3.0,6.0,15.0,Finished,57.0,Epic
leclerc,4,4.0,2.0,12.0,Finished,57.0,Rare
hamilton,4,5.0,9.0,10.0,Finished,57.0,Rare
max_verstappen,4,6.0,7.0,8.0,Finished,57.0,Rare
gasly,4,7.0,4.0,6.0,Finished,57.0,Rare
ocon,4,8.0,14.0,4.0,Finished,57.0,Rare
tsunoda,4,9.0,10.0,2.0,Finished,57.0,Rare
bearman,4,10.0,20.0,1.0,Finished,57.0,Rare
antonelli,4,11.0,5.0,0.0,Finished,57.0,Common
albon,4,12.0,15.0,0.0,Finished,57.0,Common
hadjar,4,13.0,12.0,0.0,Finished,57.0,Common
doohan,4,14.0,11.0,0.0,Finished,57.0,Common
alonso,4,15.0,13.0,0.0,Finished,57.0,Common
lawson,4,16.0,17.0,0.0,Finished,57.0,Common
stroll,4,17.0,19.0,0.0,Finished,57.0,Common
bortoleto,4,18.0,18.0,0.0,Finished,57.0,Common
sainz,4,19.0,8.0,0.0,Retired,45.0,Common
hulkenberg,4,20.0,16.0,0.0,Disqualified,0.0,Common
piastri,5,1.0,2.0,25.0,Finished,50.0,Legendary
max_verstappen,5,2.0,1.0,18.0,Finished,50.0,Epic
leclerc,5,3.0,4.0,15.0,Finished,50.0,Epic
norris,5,4.0,10.0,12.0,Finished,50.0,Rare
russell,5,5.0,3.0,10.0,Finished,50.0,Rare
antonelli,5,6.0,5.0,8.0,Finished,50.0,Rare
hamilton,5,7.0,7.0,6.0,Finished,50.0,Rare
sainz,5,8.0,6.0,4.0,Finished,50.0,Rare
albon,5,9.0,11.0,2.0,Finished,50.0,Rare
hadjar,5,10.0,14.0,1.0,Finished,50.0,Rare
alonso,5,11.0,13.0,0.0,Finished,50.0,Common
lawson,5,12.0,12.0,0.0,Finished,50.0,Common
bearman,5,13.0,15.0,0.0,Finished,50.0,Common
ocon,5,14.0,19.0,0.0,Finished,50.0,Common
hulkenberg,5,15.0,18.0,0.0,Lapped,49.0,Common
stroll,5,16.0,16.0,0.0,Lapped,49.0,Common
doohan,5,17.0,17.0,0.0,Lapped,49.0,Common
bortoleto,5,18.0,20.0,0.0,Lapped,49.0,Common
tsunoda,5,19.0,8.0,0.0,Retired,1.0,Common
gasly,5,20.0,9.0,0.0,Retired,0.0,Common
piastri,6,1.0,4.0,25.0,Finished,57.0,Legendary
norris,6,2.0,2.0,18.0,Finished,57.0,Epic
russell,6,3.0,5.0,15.0,Finished,57.0,Epic
max_verstappen,6,4.0,1.0,12.0,Finished,57.0,Rare
albon,6,5.0,7.0,10.0,Finished,57.0,Rare
antonelli,6,6.0,3.0,8.0,Finished,57.0,Rare
leclerc,6,7.0,8.0,6.0,Finished,57.0,Rare
hamilton,6,8.0,12.0,4.0,Finished,57.0,Rare
sainz,6,9.0,6.0,2.0,Finished,57.0,Rare
tsunoda,6,10.0,10.0,1.0,Finished,57.0,Rare
hadjar,6,11.0,11.0,0.0,Finished,57.0,Common
ocon,6,12.0,9.0,0.0,Finished,57.0,Common
gasly,6,13.0,20.0,0.0,Finished,57.0,Common
hulkenberg,6,14.0,16.0,0.0,Lapped,56.0,Common
alonso,6,15.0,17.0,0.0,Lapped,56.0,Common
stroll,6,16.0,18.0,0.0,Lapped,56.0,Common
lawson,6,17.0,15.0,0.0,Retired,36.0,Common
bortoleto,6,18.0,13.0,0.0,Retired,30.0,Common
bearman,6,19.0,19.0,0.0,Retired,27.0,Common
doohan,6,20.0,14.0,0.0,Retired,0.0,Common
max_verstappen,7,1.0,2.0,25.0,Finished,63.0,Legendary
norris,7,2.0,4.0,18.0,Finished,63.0,Epic
piastri,7,3.0,1.0,15.0,Finished,63.0,Epic
hamilton,7,4.0,12.0,12.0,Finished,63.0,Rare
albon,7,5.0,7.0,10.0,Finished,63.0,Rare
leclerc,7,6.0,11.0,8.0,Finished,63.0,Rare
russell,7,7.0,3.0,6.0,Finished,63.0,Rare
sainz,7,8.0,6.0,4.0,Finished,63.0,Rare
hadjar,7,9.0,9.0,2.0,Finished,63.0,Rare
tsunoda,7,10.0,20.0,1.0,Finished,63.0,Rare
alonso,7,11.0,5.0,0.0,Finished,63.0,Common
hulkenberg,7,12.0,17.0,0.0,Finished,63.0,Common
gasly,7,13.0,10.0,0.0,Finished,63.0,Common
lawson,7,14.0,15.0,0.0,Finished,63.0,Common
stroll,7,15.0,8.0,0.0,Finished,63.0,Common
colapinto,7,16.0,16.0,0.0,Finished,63.0,Common
bearman,7,17.0,19.0,0.0,Finished,63.0,Common
bortoleto,7,18.0,14.0,0.0,Finished,63.0,Common
antonelli,7,19.0,13.0,0.0,Retired,44.0,Common
ocon,7,20.0,18.0,0.0,Retired,27.0,Common
norris,8,1.0,1.0,25.0,Finished,78.0,Legendary
leclerc,8,2.0,2.0,18.0,Finished,78.0,Epic
piastri,8,3.0,3.0,15.0,Finished,78.0,Epic
max_verstappen,8,4.0,4.0,12.0,Finished,78.0,Rare
hamilton,8,5.0,7.0,10.0,Finished,78.0,Rare
hadjar,8,6.0,5.0,8.0,Lapped,77.0,Rare
ocon,8,7.0,8.0,6.0,Lapped,77.0,Rare
lawson,8,8.0,9.0,4.0,Lapped,77.0,Rare
albon,8,9.0,10.0,2.0,Lapped,76.0,Rare
sainz,8,10.0,11.0,1.0,Lapped,76.0,Rare
russell,8,11.0,14.0,0.0,Lapped,76.0,Common
bearman,8,12.0,20.0,0.0,Lapped,76.0,Common
colapinto,8,13.0,18.0,0.0,Lapped,76.0,Common
bortoleto,8,14.0,16.0,0.0,Lapped,76.0,Common
stroll,8,15.0,19.0,0.0,Lapped,76.0,Common
hulkenberg,8,16.0,13.0,0.0,Lapped,76.0,Common
tsunoda,8,17.0,12.0,0.0,Lapped,76.0,Common
antonelli,8,18.0,15.0,0.0,Lapped,75.0,Common
alonso,8,19.0,6.0,0.0,Retired,36.0,Common
gasly,8,20.0,17.0,0.0,Retired,7.0,Common
piastri,9,1.0,1.0,25.0,Finished,66.0,Legendary
norris,9,2.0,2.0,18.0,Finished,66.0,Epic
leclerc,9,3.0,7.0,15.0,Finished,66.0,Epic
russell,9,4.0,4.0,12.0,Finished,66.0,Rare
hulkenberg,9,5.0,15.0,10.0,Finished,66.0,Rare
hamilton,9,6.0,5.0,8.0,Finished,66.0,Rare
hadjar,9,7.0,9.0,6.0,Finished,66.0,Rare
gasly,9,8.0,8.0,4.0,Finished,66.0,Rare
alonso,9,9.0,10.0,2.0,Finished,66.0,Rare
max_verstappen,9,10.0,3.0,1.0,Finished,66.0,Rare
lawson,9,11.0,13.0,0.0,Finished,66.0,Common
bortoleto,9,12.0,12.0,0.0,Finished,66.0,Common
tsunoda,9,13.0,19.0,0.0,Finished,66.0,Common
sainz,9,14.0,17.0,0.0,Finished,66.0,Common
colapinto,9,15.0,18.0,0.0,Finished,66.0,Common
ocon,9,16.0,16.0,0.0,Finished,66.0,Common
bearman,9,17.0,14.0,0.0,Finished,66.0,Common
antonelli,9,18.0,6.0,0.0,Retired,53.0,Common
albon,9,19.0,11.0,0.0,Retired,27.0,Common
russell,10,1.0,1.0,25.0,Finished,70.0,Legendary
max_verstappen,10,2.0,2.0,18.0,Finished,70.0,Epic
antonelli,10,3.0,4.0,15.0,Finished,70.0,Epic
piastri,10,4.0,3.0,12.0,Finished,70.0,Rare
leclerc,10,5.0,8.0,10.0,Finished,70.0,Rare
hamilton,10,6.0,5.0,8.0,Finished,70.0,Rare
alonso,10,7.0,6.0,6.0,Finished,70.0,Rare
hulkenberg,10,8.0,11.0,4.0,Finished,70.0,Rare
ocon,10,9.0,14.0,2.0,Lapped,69.0,Rare
sainz,10,10.0,16.0,1.0,Lapped,69.0,Rare
bearman,10,11.0,13.0,0.0,Lapped,69.0,Common
tsunoda,10,12.0,18.0,0.0,Lapped,69.0,Common
colapinto,10,13.0,10.0,0.0,Lapped,69.0,Common
bortoleto,10,14.0,15.0,0.0,Lapped,69.0,Common
gasly,10,15.0,20.0,0.0,Lapped,69.0,Common
hadjar,10,16.0,12.0,0.0,Lapped,69.0,Common
stroll,10,17.0,17.0,0.0,Lapped,69.0,Common
norris,10,18.0,7.0,0.0,Retired,66.0,Common
lawson,10,19.0,19.0,0.0,Retired,53.0,Common
albon,10,20.0,9.0,0.0,Retired,46.0,Common
norris,11,1.0,1.0,25.0,Finished,70.0,Legendary
piastri,11,2.0,3.0,18.0,Finished,70.0,Epic
leclerc,11,3.0,2.0,15.0,Finished,70.0,Epic
hamilton,11,4.0,4.0,12.0,Finished,70.0,Rare
russell,11,5.0,5.0,10.0,Finished,70.0,Rare
lawson,11,6.0,6.0,8.0,Finished,70.0,Rare
alonso,11,7.0,11.0,6.0,Lapped,69.0,Rare
bortoleto,11,8.0,8.0,4.0,Lapped,69.0,Rare
hulkenberg,11,9.0,20.0,2.0,Lapped,69.0,Rare
ocon,11,10.0,17.0,1.0,Lapped,69.0,Rare
bearman,11,11.0,15.0,0.0,Lapped,69.0,Common
hadjar,11,12.0,13.0,0.0,Lapped,69.0,Common
gasly,11,13.0,10.0,0.0,Lapped,69.0,Common
stroll,11,14.0,16.0,0.0,Lapped,69.0,Common
colapinto,11,15.0,14.0,0.0,Lapped,69.0,Common
tsunoda,11,16.0,18.0,0.0,Lapped,68.0,Common
albon,11,17.0,12.0,0.0,Retired,15.0,Common
max_verstappen,11,18.0,7.0,0.0,Retired,0.0,Common
antonelli,11,19.0,9.0,0.0,Retired,0.0,Common
sainz,11,20.0,19.0,0.0,Did not start,0.0,Common
norris,12,1.0,3.0,25.0,Finished,52.0,Legendary
piastri,12,2.0,2.0,18.0,Finished,52.0,Epic
hulkenberg,12,3.0,19.0,15.0,Finished,52.0,Epic
hamilton,12,4.0,5.0,12.0,Finished,52.0,Rare
max_verstappen,12,5.0,1.0,10.0,Finished,52.0,Rare
gasly,12,6.0,8.0,8.0,Finished,52.0,Rare
stroll,12,7.0,17.0,6.0,Finished,52.0,Rare
albon,12,8.0,13.0,4.0,Finished,52.0,Rare
alonso,12,9.0,7.0,2.0,Finished,52.0,Rare
russell,12,10.0,4.0,1.0,Finished,52.0,Rare
bearman,12,11.0,18.0,0.0,Finished,52.0,Common
sainz,12,12.0,9.0,0.0,Finished,52.0,Common
ocon,12,13.0,14.0,0.0,Finished,52.0,Common
leclerc,12,14.0,6.0,0.0,Finished,52.0,Common
tsunoda,12,15.0,11.0,0.0,Lapped,51.0,Common
antonelli,12,16.0,10.0,0.0,Retired,23.0,Common
hadjar,12,17.0,12.0,0.0,Retired,17.0,Common
bortoleto,12,18.0,16.0,0.0,Retired,3.0,Common
lawson,12,19.0,15.0,0.0,Retired,0.0,Common
colapinto,12,20.0,20.0,0.0,Did not start,0.0,Common
piastri,13,1.0,2.0,25.0,Finished,44.0,Legendary
norris,13,2.0,1.0,18.0,Finished,44.0,Epic
leclerc,13,3.0,3.0,15.0,Finished,44.0,Epic
max_verstappen,13,4.0,4.0,12.0,Finished,44.0,Rare
russell,13,5.0,6.0,10.0,Finished,44.0,Rare
albon,13,6.0,5.0,8.0,Finished,44.0,Rare
hamilton,13,7.0,18.0,6.0,Finished,44.0,Rare
lawson,13,8.0,9.0,4.0,Finished,44.0,Rare
bortoleto,13,9.0,10.0,2.0,Finished,44.0,Rare
gasly,13,10.0,13.0,1.0,Finished,44.0,Rare
bearman,13,11.0,12.0,0.0,Finished,44.0,Common
hulkenberg,13,12.0,14.0,0.0,Finished,44.0,Common
tsunoda,13,13.0,7.0,0.0,Finished,44.0,Common
stroll,13,14.0,16.0,0.0,Finished,44.0,Common
ocon,13,15.0,11.0,0.0,Finished,44.0,Common
antonelli,13,16.0,19.0,0.0,Finished,44.0,Common
alonso,13,17.0,20.0,0.0,Finished,44.0,Common
sainz,13,18.0,17.0,0.0,Finished,44.0,Common
colapinto,13,19.0,15.0,0.0,Finished,44.0,Common
hadjar,13,20.0,8.0,0.0,Lapped,43.0,Common
norris,14,1.0,3.0,25.0,Finished,70.0,Legendary
piastri,14,2.0,2.0,18.0,Finished,70.0,Epic
russell,14,3.0,4.0,15.0,Finished,70.0,Epic
leclerc,14,4.0,1.0,12.0,Finished,70.0,Rare
alonso,14,5.0,5.0,10.0,Finished,70.0,Rare
bortoleto,14,6.0,7.0,8.0,Finished,70.0,Rare
stroll,14,7.0,6.0,6.0,Finished,70.0,Rare
lawson,14,8.0,9.0,4.0,Finished,70.0,Rare
max_verstappen,14,9.0,8.0,2.0,Finished,70.0,Rare
antonelli,14,10.0,15.0,1.0,Lapped,69.0,Rare
hadjar,14,11.0,10.0,0.0,Lapped,69.0,Common
hamilton,14,12.0,12.0,0.0,Lapped,69.0,Common
hulkenberg,14,13.0,18.0,0.0,Lapped,69.0,Common
sainz,14,14.0,13.0,0.0,Lapped,69.0,Common
albon,14,15.0,19.0,0.0,Lapped,69.0,Common
ocon,14,16.0,17.0,0.0,Lapped,69.0,Common
tsunoda,14,17.0,20.0,0.0,Lapped,69.0,Common
colapinto,14,18.0,14.0,0.0,Lapped,69.0,Common
gasly,14,19.0,16.0,0.0,Lapped,69.0,Common
bearman,14,20.0,11.0,0.0,Retired,48.0,Common
piastri,15,1.0,1.0,25.0,Finished,72.0,Legendary
max_verstappen,15,2.0,3.0,18.0,Finished,72.0,Epic
hadjar,15,3.0,4.0,15.0,Finished,72.0,Epic
russell,15,4.0,5.0,12.0,Finished,72.0,Rare
albon,15,5.0,15.0,10.0,Finished,72.0,Rare
bearman,15,6.0,20.0,8.0,Finished,72.0,Rare
stroll,15,7.0,19.0,6.0,Finished,72.0,Rare
alonso,15,8.0,10.0,4.0,Finished,72.0,Rare
tsunoda,15,9.0,12.0,2.0,Finished,72.0,Rare
ocon,15,10.0,18.0,1.0,Finished,72.0,Rare
colapinto,15,11.0,16.0,0.0,Finished,72.0,Common
lawson,15,12.0,8.0,0.0,Finished,72.0,Common
sainz,15,13.0,9.0,0.0,Finished,72.0,Common
hulkenberg,15,14.0,17.0,0.0,Finished,72.0,Common
bortoleto,15,15.0,13.0,0.0,Finished,72.0,Common
antonelli,15,16.0,11.0,0.0,Finished,72.0,Common
gasly,15,17.0,14.0,0.0,Finished,72.0,Common
norris,15,18.0,2.0,0.0,Retired,64.0,Common
leclerc,15,19.0,6.0,0.0,Retired,52.0,Common
hamilton,15,20.0,7.0,0.0,Retired,22.0,Common
max_verstappen,16,1.0,1.0,25.0,Finished,53.0,Legendary
norris,16,2.0,2.0,18.0,Finished,53.0,Epic
piastri,16,3.0,3.0,15.0,Finished,53.0,Epic
leclerc,16,4.0,4.0,12.0,Finished,53.0,Rare
russell,16,5.0,5.0,10.0,Finished,53.0,Rare
hamilton,16,6.0,10.0,8.0,Finished,53.0,Rare
albon,16,7.0,14.0,6.0,Finished,53.0,Rare
bortoleto,16,8.0,7.0,4.0,Finished,53.0,Rare
antonelli,16,9.0,6.0,2.0,Finished,53.0,Rare
hadjar,16,10.0,19.0,1.0,Finished,53.0,Rare
sainz,16,11.0,13.0,0.0,Finished,53.0,Common
bearman,16,12.0,11.0,0.0,Finished,53.0,Common
tsunoda,16,13.0,9.0,0.0,Finished,53.0,Common
lawson,16,14.0,18.0,0.0,Finished,53.0,Common
ocon,16,15.0,15.0,0.0,Lapped,52.0,Common
gasly,16,16.0,20.0,0.0,Lapped,52.0,Common
colapinto,16,17.0,17.0,0.0,Lapped,52.0,Common
stroll,16,18.0,16.0,0.0,Lapped,52.0,Common
alonso,16,19.0,8.0,0.0,Retired,24.0,Common
hulkenberg,16,20.0,12.0,0.0,Did not start,0.0,Common
max_verstappen,17,1.0,1.0,25.0,Finished,51.0,Legendary
russell,17,2.0,5.0,18.0,Finished,51.0,Epic
sainz,17,3.0,2.0,15.0,Finished,51.0,Epic
antonelli,17,4.0,4.0,12.0,Finished,51.0,Rare
lawson,17,5.0,3.0,10.0,Finished,51.0,Rare
tsunoda,17,6.0,6.0,8.0,Finished,51.0,Rare
norris,17,7.0,7.0,6.0,Finished,51.0,Rare
hamilton,17,8.0,12.0,4.0,Finished,51.0,Rare
leclerc,17,9.0,10.0,2.0,Finished,51.0,Rare
hadjar,17,10.0,8.0,1.0,Finished,51.0,Rare
bortoleto,17,11.0,13.0,0.0,Finished,51.0,Common
bearman,17,12.0,15.0,0.0,Finished,51.0,Common
albon,17,13.0,19.0,0.0,Finished,51.0,Common
ocon,17,14.0,20.0,0.0,Finished,51.0,Common
alonso,17,15.0,11.0,0.0,Finished,51.0,Common
hulkenberg,17,16.0,17.0,0.0,Finished,51.0,Common
stroll,17,17.0,14.0,0.0,Finished,51.0,Common
gasly,17,18.0,18.0,0.0,Lapped,50.0,Common
colapinto,17,19.0,16.0,0.0,Lapped,50.0,Common
piastri,17,20.0,9.0,0.0,Retired,0.0,Common
russell,18,1.0,1.0,25.0,Finished,62.0,Legendary
max_verstappen,18,2.0,2.0,18.0,Finished,62.0,Epic
norris,18,3.0,5.0,15.0,Finished,62.0,Epic
piastri,18,4.0,3.0,12.0,Finished,62.0,Rare
antonelli,18,5.0,4.0,10.0,Finished,62.0,Rare
leclerc,18,6.0,7.0,8.0,Finished,62.0,Rare
alonso,18,7.0,10.0,6.0,Finished,62.0,Rare
hamilton,18,8.0,6.0,4.0,Finished,62.0,Rare
bearman,18,9.0,9.0,2.0,Finished,62.0,Rare
sainz,18,10.0,18.0,1.0,Lapped,61.0,Rare
hadjar,18,11.0,8.0,0.0,Lapped,61.0,Common
tsunoda,18,12.0,13.0,0.0,Lapped,61.0,Common
stroll,18,13.0,15.0,0.0,Lapped,61.0,Common
albon,18,14.0,20.0,0.0,Lapped,61.0,Common
lawson,18,15.0,12.0,0.0,Lapped,61.0,Common
colapinto,18,16.0,16.0,0.0,Lapped,61.0,Common
bortoleto,18,17.0,14.0,0.0,Lapped,61.0,Common
ocon,18,18.0,17.0,0.0,Lapped,61.0,Common
gasly,18,19.0,19.0,0.0,Lapped,61.0,Common
hulkenberg,18,20.0,11.0,0.0,Lapped,61.0,Common
max_verstappen,19,1.0,1.0,25.0,Finished,56.0,Legendary
norris,19,2.0,2.0,18.0,Finished,56.0,Epic
leclerc,19,3.0,3.0,15.0,Finished,56.0,Epic
hamilton,19,4.0,5.0,12.0,Finished,56.0,Rare
piastri,19,5.0,6.0,10.0,Finished,56.0,Rare
russell,19,6.0,4.0,8.0,Finished,56.0,Rare
tsunoda,19,7.0,13.0,6.0,Finished,56.0,Rare
hulkenberg,19,8.0,11.0,4.0,Finished,56.0,Rare
bearman,19,9.0,8.0,2.0,Finished,56.0,Rare
alonso,19,10.0,10.0,1.0,Finished,56.0,Rare
lawson,19,11.0,12.0,0.0,Finished,56.0,Common
stroll,19,12.0,19.0,0.0,Finished,56.0,Common
antonelli,19,13.0,7.0,0.0,Finished,56.0,Common
albon,19,14.0,18.0,0.0,Finished,56.0,Common
ocon,19,15.0,17.0,0.0,Finished,56.0,Common
hadjar,19,16.0,20.0,0.0,Finished,56.0,Common
colapinto,19,17.0,15.0,0.0,Lapped,55.0,Common
bortoleto,19,18.0,16.0,0.0,Lapped,55.0,Common
gasly,19,19.0,14.0,0.0,Lapped,55.0,Common
sainz,19,20.0,9.0,0.0,Retired,5.0,Common
norris,20,1.0,1.0,25.0,Finished,71.0,Legendary
leclerc,20,2.0,2.0,18.0,Finished,71.0,Epic
max_verstappen,20,3.0,5.0,15.0,Finished,71.0,Epic
bearman,20,4.0,9.0,12.0,Finished,71.0,Rare
piastri,20,5.0,7.0,10.0,Finished,71.0,Rare
antonelli,20,6.0,6.0,8.0,Finished,71.0,Rare
russell,20,7.0,4.0,6.0,Finished,71.0,Rare
hamilton,20,8.0,3.0,4.0,Finished,71.0,Rare
ocon,20,9.0,11.0,2.0,Finished,71.0,Rare
bortoleto,20,10.0,16.0,1.0,Finished,71.0,Rare
tsunoda,20,11.0,10.0,0.0,Finished,71.0,Common
albon,20,12.0,17.0,0.0,Lapped,70.0,Common
hadjar,20,13.0,8.0,0.0,Lapped,70.0,Common
stroll,20,14.0,19.0,0.0,Lapped,70.0,Common
gasly,20,15.0,18.0,0.0,Lapped,70.0,Common
colapinto,20,16.0,20.0,0.0,Lapped,70.0,Common
sainz,20,17.0,12.0,0.0,Retired,67.0,Common
alonso,20,18.0,14.0,0.0,Retired,34.0,Common
hulkenberg,20,19.0,13.0,0.0,Retired,25.0,Common
lawson,20,20.0,15.0,0.0,Retired,5.0,Common
norris,21,1.0,1.0,25.0,Finished,71.0,Legendary
antonelli,21,2.0,2.0,18.0,Finished,71.0,Epic
max_verstappen,21,3.0,19.0,15.0,Finished,71.0,Epic
russell,21,4.0,6.0,12.0,Finished,71.0,Rare
piastri,21,5.0,4.0,10.0,Finished,71.0,Rare
bearman,21,6.0,8.0,8.0,Finished,71.0,Rare
lawson,21,7.0,7.0,6.0,Finished,71.0,Rare
hadjar,21,8.0,5.0,4.0,Finished,71.0,Rare
hulkenberg,21,9.0,10.0,2.0,Finished,71.0,Rare
gasly,21,10.0,9.0,1.0,Finished,71.0,Rare
albon,21,11.0,12.0,0.0,Finished,71.0,Common
ocon,21,12.0,20.0,0.0,Finished,71.0,Common
sainz,21,13.0,15.0,0.0,Finished,71.0,Common
alonso,21,14.0,11.0,0.0,Finished,71.0,Common
colapinto,21,15.0,16.0,0.0,Finished,71.0,Common
stroll,21,16.0,14.0,0.0,Finished,71.0,Common
tsunoda,21,17.0,17.0,0.0,Finished,71.0,Common
hamilton,21,18.0,13.0,0.0,Retired,37.0,Common
leclerc,21,19.0,3.0,0.0,Retired,5.0,Common
bortoleto,21,20.0,18.0,0.0,Retired,0.0,Common
max_verstappen,22,1.0,2.0,25.0,Finished,50.0,Legendary
russell,22,2.0,4.0,18.0,Finished,50.0,Epic
antonelli,22,3.0,17.0,15.0,Finished,50.0,Epic
leclerc,22,4.0,9.0,12.0,Finished,50.0,Rare
sainz,22,5.0,3.0,10.0,Finished,50.0,Rare
hadjar,22,6.0,8.0,8.0,Finished,50.0,Rare
hulkenberg,22,7.0,11.0,6.0,Finished,50.0,Rare
hamilton,22,8.0,19.0,4.0,Finished,50.0,Rare
ocon,22,9.0,13.0,2.0,Finished,50.0,Rare
bearman,22,10.0,14.0,1.0,Finished,50.0,Rare
alonso,22,11.0,7.0,0.0,Finished,50.0,Common
tsunoda,22,12.0,20.0,0.0,Finished,50.0,Common
gasly,22,13.0,10.0,0.0,Finished,50.0,Common
lawson,22,14.0,6.0,0.0,Lapped,49.0,Common
colapinto,22,15.0,15.0,0.0,Lapped,49.0,Common
albon,22,16.0,16.0,0.0,Retired,35.0,Common
bortoleto,22,17.0,18.0,0.0,Retired,2.0,Common
stroll,22,18.0,12.0,0.0,Retired,0.0,Common
norris,22,19.0,1.0,0.0,Disqualified,50.0,Common
piastri,22,20.0,5.0,0.0,Disqualified,50.0,Common
max_verstappen,23,1.0,3.0,25.0,Finished,57.0,Legendary
piastri,23,2.0,1.0,18.0,Finished,57.0,Epic
sainz,23,3.0,7.0,15.0,Finished,57.0,Epic
norris,23,4.0,2.0,12.0,Finished,57.0,Rare
antonelli,23,5.0,5.0,10.0,Finished,57.0,Rare
russell,23,6.0,4.0,8.0,Finished,57.0,Rare
alonso,23,7.0,8.0,6.0,Finished,57.0,Rare
leclerc,23,8.0,10.0,4.0,Finished,57.0,Rare
lawson,23,9.0,12.0,2.0,Finished,57.0,Rare
tsunoda,23,10.0,15.0,1.0,Finished,57.0,Rare
albon,23,11.0,14.0,0.0,Finished,57.0,Common
hamilton,23,12.0,17.0,0.0,Finished,57.0,Common
bortoleto,23,13.0,19.0,0.0,Finished,57.0,Common
colapinto,23,14.0,20.0,0.0,Lapped,56.0,Common
ocon,23,15.0,16.0,0.0,Lapped,56.0,Common
gasly,23,16.0,9.0,0.0,Lapped,56.0,Common
stroll,23,17.0,18.0,0.0,Retired,55.0,Common
hadjar,23,18.0,6.0,0.0,Retired,55.0,Common
bearman,23,19.0,13.0,0.0,Retired,41.0,Common
hulkenberg,23,20.0,11.0,0.0,Retired,6.0,Common
max_verstappen,24,1.0,1.0,25.0,Finished,58.0,Legendary
piastri,24,2.0,3.0,18.0,Finished,58.0,Epic
norris,24,3.0,2.0,15.0,Finished,58.0,Epic
leclerc,24,4.0,5.0,12.0,Finished,58.0,Rare
russell,24,5.0,4.0,10.0,Finished,58.0,Rare
alonso,24,6.0,6.0,8.0,Finished,58.0,Rare
ocon,24,7.0,8.0,6.0,Finished,58.0,Rare
hamilton,24,8.0,16.0,4.0,Finished,58.0,Rare
hulkenberg,24,9.0,18.0,2.0,Finished,58.0,Rare
stroll,24,10.0,15.0,1.0,Finished,58.0,Rare
bortoleto,24,11.0,7.0,0.0,Finished,58.0,Common
bearman,24,12.0,11.0,0.0,Finished,58.0,Common
sainz,24,13.0,12.0,0.0,Finished,58.0,Common
tsunoda,24,14.0,10.0,0.0,Finished,58.0,Common
antonelli,24,15.0,14.0,0.0,Finished,58.0,Common
albon,24,16.0,17.0,0.0,Finished,58.0,Common
hadjar,24,17.0,9.0,0.0,Lapped,57.0,Common
lawson,24,18.0,13.0,0.0,Lapped,57.0,Common
gasly,24,19.0,19.0,0.0,Lapped,57.0,Common
colapinto,24,20.0,20.0,0.0,Lapped,57.0,Common
